{
  "bleu_true": 29.25363409605127,
  "bleu_cert": 15.773925808917344,
  "nfe": 21,
  "lat_ms": 56.844150782285624,
  "energy_mJ": 8.728000717642175
}